id,sender_id,receiver_id,amount,start_time
0,3351,2285,100000,1394
1,4636,5545,100000,2129
2,5153,4882,100000,2471
3,4630,1946,100000,2838
4,1596,2847,100000,4390
5,4055,5342,100000,5777
6,4618,4719,100000,5970
7,976,5752,100000,6427
8,5600,1089,100000,7736
9,1624,1560,100000,8078
10,3192,3728,100000,11711
11,3210,1589,100000,14900
12,972,3098,100000,16205
13,3149,4198,100000,16789
14,3366,5556,100000,19929
15,216,3277,100000,20215
16,317,515,100000,27826
17,1382,1338,100000,27905
18,5879,3064,100000,28956
19,797,739,100000,29071
20,3894,868,100000,30253
21,894,604,100000,30565
22,4372,2267,100000,31882
23,5090,5389,100000,31975
24,1231,438,100000,33926
25,201,1644,100000,34471
26,2480,707,100000,36983
27,1298,2589,100000,37610
28,4606,2857,100000,38061
29,1507,1031,100000,42089
30,2347,296,100000,42874
31,1990,5344,100000,44737
32,722,5241,100000,45388
33,4382,5755,100000,45508
34,5367,2145,100000,49866
35,5084,814,100000,50780
36,5386,5741,100000,51774
37,3554,3824,100000,52564
38,1390,5478,100000,53844
39,3719,3463,100000,54736
40,5753,509,100000,56838
41,3728,4867,100000,56839
42,1316,5300,100000,57670
43,5990,5718,100000,58330
44,6091,2522,100000,58917
45,1217,2923,100000,59577
46,5007,3347,100000,60959
47,5097,2432,100000,62102
48,3475,6084,100000,63319
49,3593,1966,100000,63625
50,1669,5015,100000,65053
51,2999,1713,100000,65840
52,861,4960,100000,67651
53,5288,2604,100000,68559
54,1665,5011,100000,69498
55,3620,14,100000,71440
56,3275,108,100000,73367
57,2415,3455,100000,73849
58,3425,789,100000,75356
59,447,5348,100000,75548
60,5273,3793,100000,76860
61,2253,3119,100000,76993
62,3726,114,100000,77413
63,2108,768,100000,78827
64,2220,3869,100000,80050
65,4150,1291,100000,80542
66,4239,4299,100000,82307
67,5963,1207,100000,83564
68,3097,3243,100000,83767
69,1735,5821,100000,84279
70,5385,4342,100000,87402
71,3668,4636,100000,87833
72,2789,551,100000,87875
73,5622,1505,100000,89796
74,3168,5546,100000,90746
75,5614,1921,100000,91493
76,5267,1074,100000,93169
77,1530,555,100000,93215
78,2051,4449,100000,93626
79,2105,2824,100000,94794
80,3493,250,100000,94798
81,1306,2689,100000,96794
82,3209,5394,100000,97744
83,2843,4965,100000,98710
84,413,2372,100000,99813
85,2326,1737,100000,100426
86,2232,2607,100000,102424
87,5951,963,100000,104782
88,5653,2522,100000,105486
89,1962,3307,100000,106579
90,2763,5047,100000,106765
91,4577,5970,100000,107387
92,462,2946,100000,107391
93,4750,2839,100000,108574
94,3524,1275,100000,110577
95,5638,3073,100000,111586
96,4940,5874,100000,112233
97,4050,437,100000,112912
98,3775,900,100000,113849
99,3941,4054,100000,113864
100,1576,1962,100000,113921
101,2287,559,100000,114768
102,1210,2583,100000,116298
103,5195,2781,100000,116751
104,202,3553,100000,117704
105,6040,4811,100000,119305
106,4378,2743,100000,120582
107,460,4191,100000,121337
108,5491,5052,100000,121513
109,5995,4870,100000,121867
110,1267,5781,100000,121891
111,4648,1223,100000,122664
112,1204,1666,100000,122831
113,1542,1909,100000,123676
114,4922,6069,100000,124004
115,3137,1868,100000,124558
116,4373,1220,100000,124761
117,5559,4497,100000,127020
118,3686,4529,100000,128425
119,3450,5578,100000,128612
120,2793,395,100000,130387
121,4703,3673,100000,131115
122,291,276,100000,131141
123,2756,643,100000,131637
124,5038,3500,100000,132261
125,4693,5653,100000,132318
126,1860,2629,100000,132997
127,455,257,100000,133014
128,234,2355,100000,133053
129,1988,5414,100000,136902
130,5333,4519,100000,137178
131,4598,1462,100000,138982
132,2354,3886,100000,139284
133,5006,4422,100000,140187
134,4009,4591,100000,142397
135,4402,487,100000,142700
136,1522,4112,100000,144189
137,2437,6065,100000,149480
138,4219,5330,100000,149529
139,5577,6026,100000,150715
140,1077,4038,100000,152978
141,5420,4682,100000,153925
142,1292,644,100000,153993
143,1640,2958,100000,155011
144,5623,5187,100000,155549
145,5933,5540,100000,156263
146,5238,1913,100000,158377
147,2787,1553,100000,158521
148,3305,4670,100000,158551
149,4232,1926,100000,160773
150,2823,219,100000,161247
151,3055,471,100000,161306
152,949,52,100000,162738
153,3864,3770,100000,168915
154,751,98,100000,169340
155,5695,2528,100000,170494
156,2464,2901,100000,173700
157,2033,669,100000,173826
158,3710,4427,100000,174013
159,2484,951,100000,174658
160,2032,3143,100000,175112
161,5270,3949,100000,175165
162,4493,5905,100000,175708
163,5882,4093,100000,176238
164,5038,718,100000,179043
165,1233,1299,100000,179896
166,4142,971,100000,179953
167,2502,1638,100000,180793
168,2813,205,100000,181887
169,864,3546,100000,182350
170,2999,304,100000,182379
171,816,1073,100000,182943
172,3986,3313,100000,184663
173,4751,5348,100000,184926
174,5429,3099,100000,186795
175,5781,1685,100000,187210
176,1532,3479,100000,187349
177,207,4149,100000,188434
178,4173,2044,100000,189077
179,5620,4358,100000,189885
180,1895,2070,100000,189919
181,6063,3008,100000,190048
182,350,1274,100000,190403
183,1721,3844,100000,192082
184,1081,4764,100000,192838
185,2191,3421,100000,194937
186,5555,2026,100000,195029
187,3000,5338,100000,195965
188,4180,439,100000,197159
189,2549,4639,100000,197260
190,1075,4425,100000,199141
191,2206,536,100000,200103
192,3384,5389,100000,200174
193,4481,4422,100000,201396
194,3128,4844,100000,201908
195,4582,4041,100000,203050
196,4278,3727,100000,203363
197,1848,1377,100000,203676
198,4174,3970,100000,208826
199,5717,4147,100000,210124
200,3806,3706,100000,211332
201,2293,2097,100000,211520
202,1578,3344,100000,212238
203,4987,4451,100000,212799
204,2422,3206,100000,213741
205,4493,4784,100000,213922
206,1670,1497,100000,214659
207,254,6056,100000,214782
208,5594,480,100000,214906
209,419,2207,100000,214971
210,1808,2206,100000,215105
211,3194,338,100000,215799
212,4962,1747,100000,215850
213,48,5574,100000,218829
214,2034,5930,100000,220684
215,1027,788,100000,221830
216,4109,3806,100000,222172
217,5915,6092,100000,222837
218,469,1001,100000,223439
219,601,5548,100000,230361
220,2898,2186,100000,230506
221,1514,2679,100000,230547
222,1522,4340,100000,230930
223,2898,3528,100000,231796
224,4405,505,100000,231927
225,1171,1926,100000,233867
226,2618,2459,100000,234344
227,392,4249,100000,239083
228,752,5115,100000,239166
229,872,601,100000,239186
230,2774,1948,100000,241784
231,1693,3054,100000,241978
232,3552,247,100000,242553
233,2534,95,100000,243337
234,665,1524,100000,243945
235,1585,5350,100000,245106
236,3694,245,100000,245661
237,4633,4962,100000,246311
238,1986,4726,100000,246558
239,927,5175,100000,247087
240,2632,119,100000,247942
241,1389,3557,100000,248990
242,1692,4814,100000,249094
243,412,3797,100000,250400
244,4984,3876,100000,250626
245,4336,2294,100000,251613
246,469,1797,100000,254269
247,1278,5617,100000,254441
248,5403,4653,100000,254626
249,3744,3144,100000,255910
250,3729,354,100000,257065
251,2633,4414,100000,257291
252,5129,5679,100000,257374
253,3196,683,100000,257516
254,3442,1621,100000,258701
255,4234,3127,100000,260897
256,553,718,100000,261004
257,260,735,100000,261645
258,1827,573,100000,262317
259,1645,818,100000,265552
260,1259,6093,100000,266901
261,4456,4825,100000,267906
262,5032,2631,100000,268199
263,5401,5950,100000,268403
264,2884,4508,100000,270071
265,2037,4331,100000,271664
266,5088,5624,100000,271986
267,3294,2759,100000,273521
268,605,1501,100000,274128
269,4243,1274,100000,274783
270,1556,2198,100000,275397
271,5722,5231,100000,275968
272,5444,3377,100000,276002
273,2125,5195,100000,279210
274,6064,5366,100000,279543
275,5420,4353,100000,280054
276,407,2365,100000,281202
277,1378,4235,100000,281258
278,1407,5739,100000,281917
279,5278,4080,100000,283703
280,5610,3167,100000,284113
281,3276,6064,100000,285322
282,3761,5875,100000,287187
283,6062,5084,100000,291557
284,4441,4409,100000,291699
285,496,2514,100000,293589
286,2696,4795,100000,294480
287,2149,3137,100000,294728
288,2979,1055,100000,295242
289,3900,5623,100000,296467
290,4467,4088,100000,299536
291,6041,4247,100000,299958
292,2644,768,100000,300726
293,5125,957,100000,302426
294,2329,2668,100000,302842
295,3376,3283,100000,303366
296,53,3732,100000,303814
297,5359,3491,100000,306609
298,3189,3789,100000,306693
299,2903,795,100000,307285
300,2511,2047,100000,307467
301,5383,874,100000,309816
302,1515,4121,100000,310570
303,3856,5979,100000,311133
304,3585,4376,100000,311710
305,4171,2102,100000,311922
306,363,5982,100000,312102
307,5917,2168,100000,314499
308,791,1988,100000,314742
309,4593,207,100000,315735
310,3620,2012,100000,317248
311,5481,1009,100000,317865
312,1751,1357,100000,318018
313,2408,3358,100000,319969
314,3467,6042,100000,320234
315,3430,3617,100000,320347
316,4736,5953,100000,322293
317,4273,1454,100000,322417
318,170,2094,100000,322734
319,1322,1579,100000,322872
320,585,4279,100000,323571
321,1189,5688,100000,323605
322,3424,2167,100000,328115
323,3077,4289,100000,330121
324,1600,1158,100000,330276
325,4942,297,100000,331191
326,4554,2069,100000,331919
327,5479,2260,100000,332328
328,5971,4998,100000,332576
329,1732,2437,100000,333793
330,1179,404,100000,336394
331,2093,5156,100000,336600
332,1965,2787,100000,338222
333,4669,473,100000,339962
334,5170,3909,100000,340134
335,4857,3561,100000,340686
336,2173,4645,100000,342153
337,1479,4423,100000,342225
338,2894,4740,100000,342843
339,5061,3709,100000,343725
340,2730,3257,100000,344126
341,3406,4286,100000,344383
342,4958,246,100000,345099
343,4131,4098,100000,345695
344,2641,5587,100000,346158
345,4758,2398,100000,346240
346,1761,3047,100000,347450
347,568,4296,100000,348707
348,2488,1288,100000,352884
349,1302,1754,100000,353786
350,2256,3634,100000,354129
351,4204,3798,100000,355178
352,2366,3159,100000,356931
353,5130,2203,100000,364431
354,14,3753,100000,365520
355,5366,5249,100000,366429
356,448,3995,100000,367230
357,1534,4476,100000,368061
358,2862,3642,100000,369033
359,3722,536,100000,369060
360,3635,1502,100000,371625
361,5453,5525,100000,371964
362,294,4451,100000,374103
363,1166,3752,100000,375160
364,4790,3612,100000,376080
365,142,5734,100000,376747
366,1394,5823,100000,378370
367,2019,4613,100000,379112
368,727,1831,100000,379622
369,4068,2011,100000,380644
370,2500,2825,100000,380732
371,732,1529,100000,382581
372,6007,3621,100000,384433
373,5575,5127,100000,384817
374,4458,5160,100000,385590
375,2274,4290,100000,386221
376,389,2930,100000,386664
377,4431,3339,100000,388537
378,3398,336,100000,389524
379,1650,2896,100000,392286
380,5141,4082,100000,393209
381,3845,2745,100000,393501
382,2840,4486,100000,394397
383,1732,607,100000,395035
384,1729,4050,100000,395043
385,3947,3167,100000,395531
386,2858,822,100000,396740
387,1933,3720,100000,396811
388,5908,4695,100000,397880
389,5035,2592,100000,397904
390,4733,5102,100000,399127
391,2385,4996,100000,399185
392,1913,3860,100000,399999
393,3738,5177,100000,400328
394,2369,2667,100000,400512
395,1171,3294,100000,400672
396,2132,5270,100000,400768
397,2570,4018,100000,401260
398,4507,4579,100000,407123
399,6063,1354,100000,407382
400,3155,178,100000,411796
401,4935,781,100000,411839
402,3826,3273,100000,413354
403,1822,3466,100000,414133
404,219,5122,100000,414952
405,5816,3661,100000,415951
406,4798,4564,100000,418147
407,4923,3392,100000,419396
408,4747,4146,100000,419652
409,3519,2399,100000,421835
410,4004,1421,100000,422745
411,1345,5714,100000,422866
412,1663,4205,100000,425189
413,1019,5523,100000,425578
414,2138,2694,100000,425597
415,4679,536,100000,427635
416,2385,5725,100000,429267
417,3088,2411,100000,433215
418,1845,1879,100000,433898
419,5152,358,100000,433960
420,4582,2556,100000,434144
421,5122,1681,100000,436120
422,1638,3148,100000,436652
423,5072,687,100000,436721
424,2182,3065,100000,438628
425,1173,5227,100000,439202
426,5594,2711,100000,439479
427,747,5432,100000,439947
428,1467,5590,100000,441227
429,3969,3730,100000,441428
430,1306,2124,100000,444603
431,3110,5832,100000,447278
432,2108,5231,100000,449267
433,5425,3742,100000,451409
434,2094,1657,100000,453696
435,1313,929,100000,455340
436,5938,3812,100000,456275
437,3726,1852,100000,456873
438,5335,3238,100000,457022
439,4488,2962,100000,460449
440,5545,4694,100000,462450
441,5529,4826,100000,463188
442,3614,2121,100000,463427
443,6103,4627,100000,464460
444,1031,506,100000,465899
445,4424,2198,100000,467887
446,244,4010,100000,468119
447,1032,1798,100000,468445
448,3046,5844,100000,469400
449,1813,4077,100000,472663
450,3614,47,100000,474589
451,4376,2742,100000,476019
452,3140,4719,100000,476291
453,2450,3440,100000,477895
454,1559,4545,100000,478094
455,3633,1258,100000,478306
456,3843,2351,100000,479681
457,5792,4094,100000,481310
458,2896,3469,100000,481472
459,5132,5223,100000,481625
460,4553,4468,100000,481725
461,1843,5370,100000,481813
462,469,609,100000,483096
463,3250,4437,100000,484407
464,447,88,100000,485919
465,106,773,100000,486095
466,1666,3234,100000,486746
467,2448,357,100000,487404
468,1196,821,100000,488622
469,5747,134,100000,490582
470,5061,4609,100000,491247
471,243,3487,100000,491925
472,4524,1228,100000,492282
473,2548,2402,100000,493483
474,4745,4225,100000,494380
475,795,2498,100000,495746
476,3282,3800,100000,499067
477,2077,5462,100000,499445
478,4249,66,100000,500821
479,5471,1123,100000,501683
480,1637,3113,100000,502141
481,3601,1252,100000,502517
482,4929,3469,100000,503571
483,3011,2747,100000,503638
484,2994,939,100000,504893
485,1451,1936,100000,506080
486,2062,4183,100000,506671
487,3949,3296,100000,507099
488,1774,3620,100000,507258
489,3021,2199,100000,507817
490,3297,4196,100000,508007
491,1413,2612,100000,508400
492,5837,983,100000,509259
493,631,2196,100000,512394
494,867,2244,100000,514075
495,4894,3178,100000,515508
496,231,3541,100000,515701
497,3438,3383,100000,516170
498,2920,3750,100000,516880
499,1958,4498,100000,517021
500,3024,567,100000,518112
501,5702,5938,100000,519094
502,2852,3682,100000,519987
503,2535,1252,100000,521159
504,1379,2094,100000,522154
505,5954,237,100000,522780
506,930,1359,100000,525109
507,2041,1573,100000,526650
508,4485,503,100000,527183
509,4967,591,100000,529065
510,566,4053,100000,529958
511,1586,284,100000,530444
512,1930,4205,100000,530954
513,3818,4332,100000,531453
514,3095,3863,100000,534138
515,4218,5299,100000,534619
516,1389,4475,100000,534627
517,181,680,100000,535794
518,3113,3066,100000,536238
519,1437,5060,100000,537874
520,921,3859,100000,539235
521,782,2744,100000,539590
522,6064,2355,100000,541834
523,426,4662,100000,545906
524,231,5821,100000,546475
525,1881,5072,100000,546673
526,3849,3918,100000,547271
527,2659,5634,100000,548251
528,1731,5921,100000,548805
529,2650,1877,100000,549106
530,2749,5449,100000,549392
531,1771,1810,100000,549502
532,1189,2235,100000,549719
533,4287,3941,100000,549810
534,3057,1443,100000,549841
535,5018,3696,100000,549865
536,3044,3641,100000,550041
537,268,4803,100000,550099
538,415,3501,100000,551565
539,240,710,100000,551619
540,6047,946,100000,554231
541,338,1910,100000,554897
542,1235,2328,100000,556308
543,2492,1458,100000,559054
544,899,2449,100000,559650
545,4396,248,100000,560373
546,5998,5597,100000,561261
547,4080,5351,100000,562302
548,5343,5930,100000,562636
549,4521,4779,100000,562649
550,1364,5389,100000,563868
551,3114,5709,100000,564751
552,3532,1671,100000,565084
553,1847,2549,100000,568089
554,4624,2560,100000,569828
555,5874,1740,100000,570026
556,3363,2489,100000,570721
557,4102,4426,100000,571484
558,2873,5188,100000,574472
559,5239,1299,100000,575244
560,5785,4605,100000,575946
561,300,1595,100000,580101
562,76,4585,100000,581095
563,5933,4580,100000,581908
564,1936,6076,100000,583555
565,975,5522,100000,583799
566,1113,2146,100000,584480
567,935,2222,100000,584578
568,1391,4109,100000,585233
569,3988,2823,100000,586458
570,3732,3161,100000,588718
571,4634,5542,100000,591273
572,2486,1398,100000,591709
573,3968,3916,100000,592298
574,4210,1156,100000,593229
575,1181,5203,100000,595777
576,4374,2755,100000,596174
577,836,5823,100000,596655
578,3634,5121,100000,597050
579,1409,5055,100000,599248
580,1008,879,100000,602479
581,2325,3114,100000,603565
582,3377,4002,100000,603662
583,5868,5968,100000,605794
584,1683,2076,100000,607396
585,5359,4971,100000,608120
586,4365,4291,100000,608645
587,4178,4239,100000,608836
588,1179,934,100000,609318
589,3539,1604,100000,610351
590,1723,2743,100000,610376
591,5211,2856,100000,610796
592,4302,6080,100000,610838
593,859,4517,100000,611315
594,6028,5799,100000,611447
595,3516,4336,100000,611589
596,2165,2936,100000,612925
597,3296,5405,100000,613162
598,855,5235,100000,614399
599,1407,4257,100000,614437
600,4511,5389,100000,614809
601,3016,2745,100000,614966
602,5889,1732,100000,615653
603,3100,4301,100000,618007
604,241,690,100000,618105
605,4836,4554,100000,618405
606,142,4744,100000,618411
607,3796,3081,100000,618445
608,4401,318,100000,618638
609,2447,1508,100000,620017
610,268,700,100000,620252
611,2286,429,100000,620658
612,4854,10,100000,622370
613,5138,4805,100000,622641
614,819,2785,100000,622641
615,2218,4543,100000,624153
616,4817,1054,100000,625984
617,3899,273,100000,627897
618,4441,561,100000,630541
619,5521,2489,100000,631097
620,999,5613,100000,633117
621,807,5599,100000,633209
622,1254,1790,100000,633644
623,4794,209,100000,633841
624,4088,3019,100000,634253
625,4928,1795,100000,635865
626,3457,3484,100000,639692
627,4104,566,100000,639951
628,5196,2688,100000,640587
629,1945,4664,100000,641909
630,4212,4449,100000,643241
631,5107,5798,100000,644080
632,410,3778,100000,644196
633,2490,2878,100000,644299
634,2488,1906,100000,644938
635,377,4551,100000,646241
636,3200,2212,100000,648024
637,2339,5723,100000,648602
638,2138,4362,100000,649862
639,1876,1313,100000,650395
640,1186,5222,100000,651413
641,2910,6035,100000,651433
642,4116,5314,100000,652296
643,1950,2399,100000,652975
644,323,1313,100000,653897
645,4777,4591,100000,654478
646,513,5119,100000,655082
647,4057,828,100000,655322
648,2873,565,100000,655565
649,508,2039,100000,655579
650,1023,5378,100000,656426
651,4429,5245,100000,657894
652,871,1652,100000,658950
653,5283,6067,100000,659837
654,2251,451,100000,660184
655,2988,5824,100000,662062
656,4317,1571,100000,662790
657,5746,2516,100000,663420
658,1985,2538,100000,664232
659,3778,5243,100000,664894
660,1869,843,100000,666493
661,4545,4899,100000,667980
662,4956,3408,100000,668118
663,5633,5764,100000,668512
664,4413,3586,100000,669593
665,57,546,100000,669780
666,5728,5979,100000,670061
667,733,1580,100000,670519
668,671,4085,100000,670604
669,60,2879,100000,672076
670,5767,3672,100000,672995
671,318,3573,100000,673133
672,3039,3892,100000,673250
673,1056,732,100000,673756
674,508,2426,100000,674042
675,2028,3952,100000,676060
676,356,4897,100000,676203
677,327,2906,100000,678736
678,5988,718,100000,679482
679,1209,376,100000,680888
680,2089,5762,100000,681295
681,3559,693,100000,681815
682,5566,5375,100000,682971
683,42,4917,100000,683398
684,3726,4110,100000,684248
685,1489,1774,100000,685140
686,3152,3540,100000,685582
687,359,2073,100000,686870
688,541,3508,100000,686928
689,1442,739,100000,688196
690,6034,2728,100000,688921
691,2713,2793,100000,690412
692,2786,1301,100000,690905
693,1662,848,100000,691173
694,2400,5727,100000,692653
695,4315,4312,100000,693966
696,3619,5462,100000,696423
697,1729,5818,100000,697449
698,2622,695,100000,699796
699,3492,3432,100000,699953
700,2066,4166,100000,700345
701,1896,199,100000,701662
702,3591,3426,100000,702063
703,3625,815,100000,702215
704,2646,1005,100000,703186
705,5453,2793,100000,703420
706,1431,4911,100000,703923
707,169,726,100000,704643
708,2675,0,100000,705077
709,948,4694,100000,709285
710,4000,4079,100000,710426
711,2102,5642,100000,712018
712,3021,2665,100000,712216
713,3283,3014,100000,712630
714,4155,3108,100000,712734
715,3488,4904,100000,714000
716,1348,2379,100000,714968
717,5596,2750,100000,715016
718,894,873,100000,716782
719,5041,872,100000,718494
720,1797,3025,100000,719223
721,1068,4042,100000,721199
722,194,1441,100000,721229
723,600,502,100000,721837
724,1229,821,100000,721842
725,300,83,100000,723195
726,269,3064,100000,724936
727,944,4390,100000,725602
728,4117,2732,100000,726547
729,3830,6095,100000,727017
730,1164,2888,100000,727431
731,4754,915,100000,727513
732,1279,3368,100000,728127
733,1662,3614,100000,728740
734,3951,5138,100000,729606
735,4590,4789,100000,731551
736,5091,634,100000,733255
737,5177,4270,100000,733600
738,2377,5420,100000,734243
739,1192,2507,100000,734437
740,2209,5336,100000,735881
741,1734,570,100000,736538
742,4131,120,100000,737103
743,3275,1689,100000,737372
744,3548,1781,100000,740179
745,4470,3485,100000,741146
746,2619,4737,100000,743160
747,5655,4562,100000,743698
748,1728,4945,100000,743967
749,5740,2524,100000,744392
750,3618,10,100000,744652
751,3513,1204,100000,746110
752,2607,2871,100000,746849
753,827,3591,100000,748045
754,2045,40,100000,751510
755,3205,840,100000,752696
756,619,4355,100000,753056
757,3333,5921,100000,753273
758,2749,3200,100000,753337
759,3076,2824,100000,754435
760,2836,2994,100000,756825
761,4685,957,100000,757319
762,1690,462,100000,757541
763,5102,2252,100000,757818
764,3297,3522,100000,758926
765,5800,3622,100000,759553
766,4297,2941,100000,759559
767,4315,1556,100000,759691
768,780,2480,100000,760329
769,2537,2850,100000,760895
770,3224,4693,100000,761085
771,5435,3291,100000,761102
772,871,1296,100000,761773
773,4562,4703,100000,761839
774,4098,2578,100000,762021
775,678,5011,100000,762464
776,3311,929,100000,763257
777,2918,1328,100000,769430
778,164,5701,100000,769436
779,295,4092,100000,772405
780,4860,2666,100000,772591
781,2515,4523,100000,773386
782,4992,2149,100000,773675
783,1703,6032,100000,774669
784,390,5054,100000,776525
785,596,4833,100000,780187
786,3652,4552,100000,780675
787,1140,738,100000,781897
788,2558,4865,100000,786043
789,4252,3220,100000,786051
790,2746,4554,100000,787396
791,233,2378,100000,789611
792,4190,1481,100000,789614
793,5665,4377,100000,791716
794,5615,3834,100000,792945
795,2531,2261,100000,793836
796,2497,246,100000,794747
797,294,23,100000,795037
798,2821,63,100000,795516
799,811,3410,100000,796125
800,1286,5927,100000,796287
801,226,1376,100000,796559
802,4175,4468,100000,798964
803,3648,3295,100000,799079
804,4366,4538,100000,800643
805,2890,1298,100000,800734
806,3996,4992,100000,801129
807,5768,3167,100000,801293
808,618,3536,100000,802600
809,5661,5177,100000,802653
810,1566,4219,100000,803304
811,3045,4422,100000,806583
812,4255,3121,100000,806954
813,3011,3412,100000,808579
814,2291,4348,100000,810447
815,333,1353,100000,811529
816,1165,3956,100000,812560
817,376,4259,100000,814269
818,3213,5761,100000,816103
819,5381,5455,100000,816237
820,1854,1404,100000,816520
821,5158,1276,100000,816879
822,3414,4825,100000,818762
823,1528,3315,100000,819533
824,158,2267,100000,820215
825,3874,5115,100000,820834
826,934,4070,100000,821034
827,4915,293,100000,821643
828,2369,4265,100000,821700
829,1705,4299,100000,825526
830,1742,544,100000,825667
831,2965,3139,100000,825725
832,2464,780,100000,826830
833,3252,4710,100000,826852
834,2798,1711,100000,827215
835,2829,2955,100000,827895
836,5529,3798,100000,828033
837,4046,5708,100000,828576
838,113,4043,100000,828937
839,5432,4124,100000,829751
840,1543,393,100000,830974
841,1459,5846,100000,832207
842,3295,5684,100000,832588
843,5069,2658,100000,833807
844,3173,1205,100000,834052
845,510,2748,100000,834151
846,3931,1592,100000,837038
847,5295,1899,100000,838504
848,1892,4000,100000,838837
849,5363,1559,100000,839006
850,976,302,100000,839208
851,3311,5549,100000,839911
852,1441,1244,100000,840784
853,1845,4256,100000,841036
854,823,3308,100000,841248
855,1453,1346,100000,841639
856,5613,4676,100000,842150
857,2810,3209,100000,842224
858,1592,1364,100000,843443
859,1448,1125,100000,844795
860,674,310,100000,845497
861,3072,4917,100000,845598
862,167,2661,100000,846537
863,2275,4398,100000,848939
864,3409,3523,100000,850892
865,5798,4558,100000,850898
866,1135,2897,100000,851688
867,727,5413,100000,852554
868,1220,4691,100000,852628
869,594,1459,100000,853060
870,1222,1476,100000,853244
871,4602,1896,100000,854167
872,3521,359,100000,855404
873,4163,5717,100000,856779
874,2374,135,100000,859055
875,94,895,100000,859410
876,2138,5515,100000,859496
877,3772,5927,100000,859865
878,4656,6020,100000,860004
879,3521,413,100000,862108
880,3942,2417,100000,862450
881,532,3862,100000,863010
882,4591,4017,100000,863921
883,4683,774,100000,865195
884,2017,3536,100000,865482
885,644,5175,100000,866071
886,3783,6080,100000,867472
887,4985,2803,100000,868709
888,205,5623,100000,869586
889,4910,5822,100000,869917
890,5514,139,100000,871508
891,2076,4478,100000,873661
892,4292,4696,100000,874325
893,255,1390,100000,874717
894,5819,2831,100000,874992
895,5750,2051,100000,875121
896,5742,1473,100000,876376
897,447,4974,100000,877109
898,2801,4920,100000,878470
899,3225,3700,100000,880109
900,5974,4788,100000,880729
901,1825,1301,100000,883379
902,5372,5190,100000,884229
903,2467,3080,100000,884571
904,2676,3069,100000,885250
905,2798,6036,100000,885362
906,5976,5596,100000,886811
907,13,1265,100000,886879
908,3360,5820,100000,887450
909,191,1919,100000,887463
910,4650,2309,100000,888779
911,3872,2991,100000,890780
912,6054,1174,100000,891012
913,4476,3765,100000,891278
914,3715,2603,100000,892432
915,4839,1449,100000,892878
916,2854,5630,100000,893461
917,4168,1753,100000,898121
918,5577,938,100000,898272
919,587,513,100000,898784
920,5244,5483,100000,899044
921,1055,1414,100000,899742
922,3596,5838,100000,901243
923,5381,3242,100000,901666
924,4316,2444,100000,903750
925,2006,409,100000,904631
926,2756,4807,100000,906411
927,1622,2361,100000,907467
928,4564,5555,100000,907714
929,2458,1923,100000,908603
930,424,2699,100000,909709
931,1977,1682,100000,912691
932,4031,330,100000,912946
933,4331,6014,100000,913976
934,4490,5785,100000,915499
935,2942,5809,100000,915773
936,1841,955,100000,916204
937,4670,762,100000,917666
938,1537,1247,100000,919164
939,1427,4069,100000,919558
940,1420,3906,100000,920964
941,5925,3312,100000,921127
942,4335,1441,100000,924617
943,175,423,100000,924701
944,5358,480,100000,925586
945,3133,3861,100000,927861
946,1612,5618,100000,927905
947,738,5884,100000,930511
948,1362,4608,100000,930543
949,4174,2553,100000,933744
950,3004,658,100000,934413
951,2833,218,100000,934496
952,5192,1516,100000,936224
953,5853,4122,100000,936793
954,669,2290,100000,937417
955,2569,2859,100000,937425
956,3345,1,100000,938280
957,5374,1643,100000,938696
958,5192,5081,100000,943185
959,756,3271,100000,943259
960,5227,3802,100000,944615
961,2367,1686,100000,945238
962,5406,4320,100000,947296
963,3663,5244,100000,948662
964,2202,4118,100000,948979
965,853,5797,100000,949758
966,5036,1853,100000,950360
967,5972,4977,100000,950752
968,2730,2063,100000,951696
969,5581,3198,100000,953223
970,104,5119,100000,953431
971,4122,4746,100000,953817
972,5573,4374,100000,954340
973,3215,3267,100000,954629
974,1577,1660,100000,955214
975,3115,4262,100000,956342
976,2771,863,100000,957377
977,2640,5669,100000,959606
978,4045,4718,100000,960342
979,1786,2111,100000,961772
980,673,4589,100000,962686
981,1703,1370,100000,963105
982,3740,5071,100000,966135
983,3453,2299,100000,967203
984,5935,1823,100000,967356
985,4228,1217,100000,967749
986,5114,5286,100000,968027
987,4095,3734,100000,971652
988,5638,5521,100000,972341
989,3816,2193,100000,972881
990,2902,4014,100000,973384
991,1098,4124,100000,974822
992,1875,1369,100000,974894
993,2339,5223,100000,977828
994,217,4770,100000,979140
995,6037,357,100000,979627
996,3752,1195,100000,979717
997,3996,2717,100000,980110
998,5875,4075,100000,980780
999,1050,2394,100000,983702
1000,3663,4583,100000,984798
1001,5716,4350,100000,984961
1002,242,2481,100000,985301
1003,4940,1431,100000,986017
1004,3732,2036,100000,986091
1005,5187,2019,100000,986578
1006,2395,5488,100000,986854
1007,1729,1236,100000,987964
1008,1815,2196,100000,988167
1009,2349,4969,100000,990875
1010,2485,2808,100000,991287
1011,636,5618,100000,991998
1012,5201,2239,100000,992275
1013,2912,2979,100000,992572
1014,2886,12,100000,995052
1015,1208,1591,100000,996301
1016,5092,3962,100000,996524
1017,4926,3022,100000,998064
1018,4443,1257,100000,998217
1019,2582,323,100000,998766
1020,1014,3811,100000,998843
1021,6052,4032,100000,1001024
1022,5280,4967,100000,1001438
1023,5001,5905,100000,1002942
1024,4169,5587,100000,1003200
1025,3773,3925,100000,1003542
1026,3089,2688,100000,1003576
1027,5929,3445,100000,1003942
1028,3123,3337,100000,1004637
1029,3711,3110,100000,1005462
1030,5473,2453,100000,1006311
1031,4778,3344,100000,1007774
1032,4693,3728,100000,1008235
1033,1826,3198,100000,1009792
1034,2184,4181,100000,1011447
1035,1456,4773,100000,1011495
1036,314,5341,100000,1014348
1037,1903,1949,100000,1014515
1038,1438,5516,100000,1014910
1039,4435,2797,100000,1016817
1040,5542,5467,100000,1016952
1041,152,4462,100000,1017204
1042,2828,2895,100000,1019806
1043,56,4482,100000,1020980
1044,4968,5468,100000,1021899
1045,4544,5193,100000,1022058
1046,5635,1940,100000,1023709
1047,1451,2416,100000,1023985
1048,1724,2333,100000,1024342
1049,4164,735,100000,1024586
1050,5408,2306,100000,1024830
1051,3678,5582,100000,1024838
1052,3921,1390,100000,1024949
1053,5823,1253,100000,1025673
1054,6069,5786,100000,1027744
1055,3746,5240,100000,1028213
1056,5102,394,100000,1028214
1057,2654,3218,100000,1028409
1058,4607,3488,100000,1028642
1059,505,3291,100000,1028692
1060,1645,5167,100000,1029260
1061,1035,3458,100000,1030589
1062,2645,4163,100000,1030665
1063,4768,7,100000,1030968
1064,4894,943,100000,1031536
1065,1252,862,100000,1032787
1066,3827,5250,100000,1033654
1067,2841,1510,100000,1034841
1068,3198,247,100000,1034900
1069,1364,5342,100000,1035082
1070,2641,3608,100000,1035488
1071,846,4035,100000,1036013
1072,3391,2495,100000,1036210
1073,4360,2217,100000,1036838
1074,1787,3523,100000,1037426
1075,4805,1566,100000,1037765
1076,4598,3291,100000,1038692
1077,1615,4446,100000,1039668
1078,4761,5795,100000,1040072
1079,4015,1974,100000,1042325
1080,3869,5150,100000,1042998
1081,3718,2534,100000,1045858
1082,1869,444,100000,1046724
1083,4519,2775,100000,1047229
1084,5743,913,100000,1048759
1085,1482,4612,100000,1049831
1086,2165,2605,100000,1049883
1087,3435,2396,100000,1049886
1088,3596,5971,100000,1050346
1089,1903,2260,100000,1050532
1090,5106,270,100000,1050629
1091,3830,5479,100000,1051089
1092,1805,2017,100000,1051690
1093,986,4584,100000,1052002
1094,5420,4947,100000,1052139
1095,4375,2219,100000,1052667
1096,1808,3760,100000,1053055
1097,2109,4741,100000,1053656
1098,3054,1784,100000,1054529
1099,5702,5778,100000,1055418
1100,2772,5550,100000,1057070
1101,4381,1349,100000,1059997
1102,5018,3554,100000,1060410
1103,965,2482,100000,1060495
1104,5805,917,100000,1061394
1105,6080,4729,100000,1061521
1106,2324,5235,100000,1061679
1107,5527,5311,100000,1063162
1108,4108,5005,100000,1063416
1109,6018,2681,100000,1065810
1110,3309,61,100000,1065824
1111,3285,3632,100000,1068645
1112,2458,1478,100000,1068772
1113,856,5936,100000,1069920
1114,184,2675,100000,1071649
1115,3411,3205,100000,1071762
1116,4926,2584,100000,1071897
1117,2592,563,100000,1072346
1118,836,4358,100000,1073573
1119,4278,3447,100000,1075057
1120,2595,4288,100000,1076340
1121,5583,744,100000,1076430
1122,6099,2986,100000,1077246
1123,5333,3286,100000,1078551
1124,2713,418,100000,1079301
1125,4628,2794,100000,1079786
1126,638,1860,100000,1080406
1127,5546,3582,100000,1080982
1128,1548,5224,100000,1081388
1129,4871,3465,100000,1081630
1130,5799,2206,100000,1083712
1131,1337,4266,100000,1083949
1132,200,4902,100000,1084063
1133,1747,1215,100000,1084096
1134,874,202,100000,1084127
1135,2614,3507,100000,1084390
1136,5598,5389,100000,1085553
1137,1877,882,100000,1085562
1138,4946,5478,100000,1085800
1139,5496,580,100000,1088519
1140,1774,2860,100000,1088828
1141,319,4885,100000,1088934
1142,5351,2976,100000,1089189
1143,5307,785,100000,1089924
1144,1433,4207,100000,1091248
1145,576,4626,100000,1092216
1146,2557,2770,100000,1092740
1147,2654,5659,100000,1094026
1148,1562,5291,100000,1094086
1149,2313,4855,100000,1094373
1150,5375,890,100000,1094580
1151,2038,1178,100000,1095742
1152,2232,3647,100000,1095918
1153,5239,4948,100000,1098122
1154,815,4853,100000,1099847
1155,333,4601,100000,1100839
1156,3502,5086,100000,1101207
1157,2787,1190,100000,1101631
1158,1521,1710,100000,1101899
1159,98,194,100000,1102976
1160,2481,1500,100000,1103817
1161,230,3710,100000,1104533
1162,2561,1081,100000,1104695
1163,117,2995,100000,1105219
1164,5390,4210,100000,1105315
1165,2271,1115,100000,1105750
1166,4002,580,100000,1105865
1167,4329,4305,100000,1106954
1168,2721,4705,100000,1107122
1169,4719,5578,100000,1110693
1170,4634,6032,100000,1110885
1171,405,389,100000,1111658
1172,5899,701,100000,1113588
1173,4909,4432,100000,1114332
1174,2846,4996,100000,1115027
1175,2362,2420,100000,1115311
1176,3794,5196,100000,1116508
1177,6001,5241,100000,1117096
1178,1801,13,100000,1117564
1179,3985,5088,100000,1119233
1180,1337,4211,100000,1119446
1181,4091,1264,100000,1120192
1182,826,5629,100000,1120231
1183,1930,5466,100000,1120697
1184,5561,1756,100000,1121390
1185,3099,790,100000,1122543
1186,1860,3157,100000,1122981
1187,1363,2777,100000,1123792
1188,5303,2401,100000,1124652
1189,3276,1857,100000,1124993
1190,1401,5193,100000,1125567
1191,3197,5627,100000,1126449
1192,585,4028,100000,1128324
1193,5601,3209,100000,1129679
1194,3926,2218,100000,1130058
1195,965,3888,100000,1131058
1196,1093,4964,100000,1131357
1197,1412,2990,100000,1134959
1198,2696,775,100000,1136728
1199,1898,4556,100000,1137069
1200,3582,5069,100000,1138764
1201,3288,452,100000,1138900
1202,3227,5469,100000,1140364
1203,4084,5092,100000,1140830
1204,2393,1672,100000,1141523
1205,5954,5819,100000,1142027
1206,1267,5063,100000,1143502
1207,3080,3087,100000,1144729
1208,4028,4390,100000,1146557
1209,2774,482,100000,1147219
1210,2586,4191,100000,1148417
1211,1428,4057,100000,1148456
1212,4277,4227,100000,1150471
1213,2718,1301,100000,1152467
1214,2088,3523,100000,1152888
1215,4873,4998,100000,1153807
1216,2032,3229,100000,1155229
1217,4941,1868,100000,1157085
1218,471,5229,100000,1158012
1219,5322,1625,100000,1158934
1220,3086,588,100000,1160125
1221,5065,5821,100000,1163959
1222,2627,3039,100000,1166524
1223,5588,2637,100000,1166851
1224,3307,4671,100000,1167831
1225,4931,4893,100000,1170295
1226,5909,4952,100000,1172392
1227,1657,2351,100000,1173869
1228,5483,1181,100000,1173891
1229,2974,233,100000,1175188
1230,2964,3110,100000,1176005
1231,3433,3367,100000,1176747
1232,5990,478,100000,1176773
1233,834,437,100000,1176851
1234,1616,4526,100000,1177011
1235,445,1462,100000,1178041
1236,2366,4358,100000,1179103
1237,1200,5536,100000,1181946
1238,4019,3005,100000,1183232
1239,5706,2343,100000,1183912
1240,1088,749,100000,1185829
1241,3433,4231,100000,1185921
1242,2908,5040,100000,1187178
1243,891,5490,100000,1187637
1244,3651,4586,100000,1188287
1245,1642,995,100000,1192343
1246,4298,2719,100000,1192518
1247,419,17,100000,1193599
1248,5310,496,100000,1194204
1249,1079,2679,100000,1195034
1250,5564,3576,100000,1195347
1251,2633,2831,100000,1195380
1252,1443,1584,100000,1195667
1253,2083,1496,100000,1195680
1254,2825,5954,100000,1195954
1255,4397,521,100000,1196212
1256,1365,276,100000,1196490
1257,3116,2712,100000,1197018
1258,5396,1965,100000,1197133
1259,5821,3485,100000,1197388
1260,116,1454,100000,1198238
1261,837,1382,100000,1198315
1262,3529,2361,100000,1204219
1263,5793,2784,100000,1204305
1264,2024,2840,100000,1204973
1265,2248,4904,100000,1206006
1266,87,4779,100000,1207038
1267,5488,3287,100000,1207060
1268,2301,4602,100000,1207322
1269,5322,563,100000,1207882
1270,2083,6046,100000,1207912
1271,5198,1591,100000,1209991
1272,2171,1293,100000,1210321
1273,1697,1844,100000,1210574
1274,639,3652,100000,1212858
1275,4388,836,100000,1214266
1276,4781,3603,100000,1217809
1277,29,5860,100000,1217822
1278,4163,7,100000,1218432
1279,5795,1812,100000,1219106
1280,180,5231,100000,1219447
1281,4375,2523,100000,1220288
1282,1966,5520,100000,1222271
1283,4606,3856,100000,1222720
1284,566,4952,100000,1225360
1285,5688,1701,100000,1227232
1286,3309,2036,100000,1227269
1287,3228,366,100000,1228713
1288,1156,3171,100000,1228951
1289,827,5262,100000,1231046
1290,5791,1618,100000,1231402
1291,4253,743,100000,1232217
1292,4530,3492,100000,1232262
1293,129,4112,100000,1232674
1294,2034,2582,100000,1233279
1295,197,1780,100000,1233431
1296,5062,3015,100000,1233906
1297,3880,3890,100000,1235039
1298,1402,2715,100000,1235613
1299,1712,2170,100000,1236304
1300,4335,5853,100000,1236436
1301,836,3217,100000,1236958
1302,2412,5831,100000,1237279
1303,317,2255,100000,1237751
1304,4899,2566,100000,1238756
1305,2699,3939,100000,1240921
1306,526,1205,100000,1240947
1307,4623,3850,100000,1242160
1308,3082,5495,100000,1243025
1309,734,824,100000,1243211
1310,3260,2542,100000,1243792
1311,904,1829,100000,1244373
1312,3057,2462,100000,1244712
1313,806,718,100000,1246563
1314,3629,599,100000,1246796
1315,2332,3172,100000,1246986
1316,641,3191,100000,1247008
1317,3658,41,100000,1250695
1318,4785,2623,100000,1251859
1319,3183,2238,100000,1253717
1320,4662,209,100000,1254842
1321,5433,4814,100000,1255898
1322,1159,2418,100000,1259901
1323,252,4156,100000,1261342
1324,367,4838,100000,1261969
1325,2970,5319,100000,1262009
1326,4568,889,100000,1262454
1327,3246,2322,100000,1263231
1328,4178,4541,100000,1265148
1329,164,4127,100000,1265308
1330,2331,1468,100000,1265744
1331,1811,1174,100000,1266614
1332,2691,4749,100000,1267194
1333,2655,4865,100000,1267217
1334,5073,4933,100000,1269638
1335,2358,3934,100000,1270218
1336,4295,3554,100000,1270490
1337,1276,941,100000,1270940
1338,3074,2509,100000,1272367
1339,3668,3460,100000,1273341
1340,3549,3635,100000,1275143
1341,2479,4402,100000,1275215
1342,3368,2787,100000,1276557
1343,5138,2803,100000,1276814
1344,2908,3485,100000,1278145
1345,3004,2026,100000,1279561
1346,4111,703,100000,1281171
1347,4542,215,100000,1281490
1348,2184,2017,100000,1281979
1349,2665,708,100000,1283048
1350,565,1897,100000,1283113
1351,2640,3132,100000,1283924
1352,2602,1589,100000,1284114
1353,1015,4587,100000,1285383
1354,5153,4700,100000,1285429
1355,5024,2252,100000,1287034
1356,255,2965,100000,1287177
1357,2573,5593,100000,1288420
1358,4119,4831,100000,1289944
1359,1779,4985,100000,1290028
1360,5498,115,100000,1290637
1361,3780,3573,100000,1290788
1362,953,855,100000,1291143
1363,1388,1719,100000,1293261
1364,2128,3608,100000,1294815
1365,5795,3221,100000,1296374
1366,6064,2866,100000,1297044
1367,4223,941,100000,1297639
1368,4965,2878,100000,1299413
1369,2640,2521,100000,1301819
1370,4381,4341,100000,1302293
1371,2353,2966,100000,1303242
1372,1281,1673,100000,1303303
1373,5208,65,100000,1305596
1374,2931,1031,100000,1305659
1375,5137,3327,100000,1306174
1376,1867,477,100000,1306385
1377,2186,1005,100000,1306386
1378,5504,4049,100000,1307201
1379,2823,2362,100000,1312802
1380,2062,1802,100000,1312886
1381,1706,3760,100000,1313163
1382,4448,3751,100000,1313331
1383,1064,285,100000,1313866
1384,4791,1289,100000,1314151
1385,1565,19,100000,1315237
1386,420,436,100000,1316952
1387,3950,2885,100000,1320044
1388,2687,2263,100000,1321764
1389,4605,302,100000,1322242
1390,1347,3244,100000,1323746
1391,3561,3473,100000,1324229
1392,4498,1960,100000,1326667
1393,5986,92,100000,1327270
1394,1305,2636,100000,1328052
1395,744,1314,100000,1328163
1396,146,1813,100000,1330005
1397,5046,4178,100000,1330142
1398,2895,587,100000,1335188
1399,2236,4156,100000,1335867
1400,4307,2345,100000,1336398
1401,5345,4718,100000,1337085
1402,2463,2513,100000,1337672
1403,966,1484,100000,1338414
1404,3261,4901,100000,1338612
1405,2007,1392,100000,1340538
1406,676,5416,100000,1340925
1407,2097,4247,100000,1341269
1408,1252,2399,100000,1341280
1409,1240,3544,100000,1343666
1410,1784,3236,100000,1344122
1411,920,4604,100000,1344508
1412,1540,5357,100000,1345606
1413,514,4642,100000,1345671
1414,5751,47,100000,1347275
1415,4333,4071,100000,1347756
1416,4424,1340,100000,1349123
1417,1107,778,100000,1350146
1418,3511,4200,100000,1353647
1419,2477,2397,100000,1353912
1420,2197,1352,100000,1353984
1421,4516,107,100000,1354079
1422,2121,4012,100000,1355087
1423,5161,4434,100000,1356458
1424,5503,249,100000,1356969
1425,1075,3033,100000,1357600
1426,5043,212,100000,1361667
1427,888,499,100000,1361862
1428,757,2410,100000,1362130
1429,2292,1040,100000,1362816
1430,1944,4720,100000,1363190
1431,3663,4803,100000,1365570
1432,3678,6044,100000,1366482
1433,4604,3873,100000,1368212
1434,3785,1394,100000,1369990
1435,2770,796,100000,1370082
1436,5995,2552,100000,1372223
1437,4933,820,100000,1372880
1438,4755,5353,100000,1373713
1439,3126,4642,100000,1373766
1440,2238,4890,100000,1374594
1441,202,4923,100000,1374608
1442,6037,1402,100000,1374719
1443,518,1758,100000,1376394
1444,4603,4058,100000,1376407
1445,1347,3165,100000,1376737
1446,3214,2858,100000,1377297
1447,3243,4918,100000,1377913
1448,5652,911,100000,1379565
1449,932,1158,100000,1380457
1450,3646,2993,100000,1381227
1451,46,1971,100000,1381738
1452,3172,4169,100000,1383987
1453,2301,4522,100000,1384333
1454,4662,5143,100000,1384542
1455,6039,508,100000,1385102
1456,1545,4119,100000,1385646
1457,1260,620,100000,1385887
1458,219,2397,100000,1386042
1459,1663,3784,100000,1387933
1460,5448,5693,100000,1388099
1461,5546,1943,100000,1389519
1462,5224,2272,100000,1390114
1463,641,3771,100000,1392229
1464,3988,1951,100000,1392687
1465,4941,2851,100000,1393178
1466,1342,4684,100000,1393904
1467,2734,2016,100000,1393935
1468,4396,1889,100000,1395118
1469,5764,4943,100000,1395353
1470,2973,1305,100000,1395459
1471,2912,3201,100000,1400376
1472,4464,3336,100000,1400654
1473,4876,2262,100000,1401097
1474,271,1661,100000,1401660
1475,5060,2507,100000,1406268
1476,4981,4515,100000,1408632
1477,3845,1981,100000,1409377
1478,3010,914,100000,1410287
1479,3324,1501,100000,1412213
1480,4813,449,100000,1413250
1481,5201,4003,100000,1413936
1482,489,92,100000,1415810
1483,4680,68,100000,1415839
1484,4967,3549,100000,1416712
1485,4590,3053,100000,1417997
1486,906,5383,100000,1418495
1487,5461,5878,100000,1420326
1488,606,5365,100000,1420639
1489,2957,5935,100000,1424089
1490,5705,4937,100000,1425077
1491,5871,5061,100000,1426032
1492,2054,2978,100000,1427320
1493,3151,1238,100000,1427927
1494,900,2611,100000,1428090
1495,2721,677,100000,1430297
1496,228,4563,100000,1431198
1497,2591,1727,100000,1432742
1498,1980,2669,100000,1432834
1499,490,461,100000,1433510
1500,3633,5732,100000,1434987
1501,4210,1544,100000,1435430
1502,5769,4098,100000,1436316
1503,2510,1571,100000,1437219
1504,1744,693,100000,1437323
1505,3325,63,100000,1438362
1506,4093,1485,100000,1438433
1507,4423,2066,100000,1438461
1508,4004,4492,100000,1440987
1509,1922,5683,100000,1441964
1510,3302,1285,100000,1442018
1511,3487,4486,100000,1442424
1512,3894,3639,100000,1442877
1513,1619,1771,100000,1443898
1514,1891,3784,100000,1444944
1515,804,5213,100000,1445933
1516,5350,1678,100000,1446600
1517,5361,5938,100000,1447992
1518,3471,158,100000,1448210
1519,5978,2728,100000,1448218
1520,3833,4177,100000,1448981
1521,2760,4811,100000,1450019
1522,5391,4632,100000,1451037
1523,6101,3214,100000,1451104
1524,2488,544,100000,1452225
1525,3682,3400,100000,1452984
1526,1725,1448,100000,1455733
1527,4029,2568,100000,1457058
1528,3747,301,100000,1457524
1529,932,654,100000,1461701
1530,752,1604,100000,1462402
1531,5993,1636,100000,1464130
1532,5354,2832,100000,1465284
1533,1492,6080,100000,1466232
1534,5857,5308,100000,1468539
1535,5696,3357,100000,1472058
1536,3447,4083,100000,1473272
1537,2653,1388,100000,1473342
1538,3036,842,100000,1473528
1539,475,1905,100000,1474341
1540,440,419,100000,1475660
1541,2123,4753,100000,1476781
1542,882,2809,100000,1478767
1543,3981,344,100000,1480546
1544,2461,574,100000,1481131
1545,4879,1370,100000,1481478
1546,4591,106,100000,1481629
1547,3937,3307,100000,1483383
1548,2307,3281,100000,1489019
1549,5024,1574,100000,1491244
1550,4903,860,100000,1494895
1551,5310,4616,100000,1495476
1552,990,3527,100000,1496741
1553,2086,4045,100000,1497787
1554,5676,1715,100000,1498836
1555,2148,2589,100000,1499590
1556,4628,830,100000,1503147
1557,1101,2002,100000,1503620
1558,5213,1218,100000,1505494
1559,1284,5607,100000,1506385
1560,1364,6037,100000,1506650
1561,4841,3432,100000,1506865
1562,3138,3539,100000,1509796
1563,4,772,100000,1512408
1564,55,803,100000,1512430
1565,3066,6013,100000,1514119
1566,1270,2456,100000,1515359
1567,1134,2491,100000,1515800
1568,456,1204,100000,1515823
1569,1707,347,100000,1517880
1570,2144,2215,100000,1517888
1571,1480,636,100000,1518109
1572,4153,1864,100000,1518192
1573,1473,2180,100000,1519308
1574,3300,3606,100000,1519763
1575,4164,2809,100000,1520149
1576,96,4312,100000,1520982
1577,3515,5410,100000,1522439
1578,2838,575,100000,1522479
1579,1933,5204,100000,1522631
1580,3059,4102,100000,1522992
1581,2117,4890,100000,1523292
1582,5876,1239,100000,1525217
1583,12,3126,100000,1526117
1584,565,4074,100000,1526535
1585,2817,2255,100000,1527384
1586,5191,220,100000,1528782
1587,3417,2180,100000,1530559
1588,3081,1226,100000,1530756
1589,4879,5972,100000,1532635
1590,3387,3317,100000,1535340
1591,4376,2497,100000,1536441
1592,4737,4093,100000,1536530
1593,1441,1082,100000,1538893
1594,2219,5868,100000,1539970
1595,6098,3516,100000,1543129
1596,4477,3138,100000,1545547
1597,778,3330,100000,1546299
1598,1170,4535,100000,1547052
1599,5985,1686,100000,1547612
1600,2187,2074,100000,1548104
1601,3528,3116,100000,1548693
1602,5370,5845,100000,1550096
1603,4386,398,100000,1551098
1604,4589,3550,100000,1551136
1605,5691,3358,100000,1551268
1606,982,3350,100000,1551664
1607,2953,1720,100000,1552194
1608,380,2634,100000,1552768
1609,1944,4088,100000,1554404
1610,1266,3241,100000,1555004
1611,2566,3572,100000,1555259
1612,4507,3806,100000,1557651
1613,1121,1265,100000,1558771
1614,3396,1375,100000,1559469
1615,5927,1026,100000,1559471
1616,3365,2210,100000,1560413
1617,1479,1284,100000,1560935
1618,707,493,100000,1562305
1619,5993,4142,100000,1565552
1620,535,4505,100000,1565666
1621,557,3326,100000,1565727
1622,2867,4954,100000,1567142
1623,403,6095,100000,1568691
1624,5836,3329,100000,1568993
1625,2432,4096,100000,1569051
1626,2524,716,100000,1570264
1627,3167,5110,100000,1571025
1628,2801,3788,100000,1571334
1629,4785,6036,100000,1572577
1630,1236,3531,100000,1573683
1631,4891,5797,100000,1573737
1632,1900,1711,100000,1573892
1633,3973,3170,100000,1573995
1634,1782,4626,100000,1574257
1635,1868,1743,100000,1574377
1636,4383,4095,100000,1575073
1637,2126,5444,100000,1575421
1638,4998,1429,100000,1575492
1639,5440,480,100000,1575677
1640,1241,2431,100000,1576298
1641,3944,3592,100000,1576998
1642,1907,1506,100000,1577746
1643,2387,6005,100000,1577875
1644,1570,2972,100000,1578294
1645,1832,3731,100000,1579364
1646,4964,792,100000,1582343
1647,367,1375,100000,1585780
1648,3580,5378,100000,1585930
1649,5717,551,100000,1586756
1650,1587,827,100000,1587642
1651,190,4703,100000,1588799
1652,5392,5581,100000,1589114
1653,1945,5999,100000,1591856
1654,4032,2430,100000,1593302
1655,368,105,100000,1594563
1656,5567,4760,100000,1594857
1657,3635,1584,100000,1594942
1658,5120,4493,100000,1595195
1659,2915,5264,100000,1598490
1660,1917,1675,100000,1600731
1661,331,5572,100000,1600864
1662,4646,1559,100000,1601510
1663,3415,1734,100000,1602692
1664,3230,5227,100000,1603002
1665,3153,3488,100000,1603959
1666,2254,6102,100000,1604699
1667,582,4898,100000,1605319
1668,1249,534,100000,1605476
1669,1000,1530,100000,1606455
1670,1653,4687,100000,1608077
1671,3873,4071,100000,1608444
1672,4133,395,100000,1608499
1673,2990,47,100000,1608665
1674,1457,4444,100000,1611619
1675,4214,3693,100000,1611836
1676,974,3873,100000,1616222
1677,5500,128,100000,1617479
1678,718,3774,100000,1618035
1679,470,2644,100000,1618390
1680,5123,154,100000,1619820
1681,4526,4286,100000,1623296
1682,5433,862,100000,1623298
1683,2701,784,100000,1623525
1684,2610,2578,100000,1628378
1685,2255,2868,100000,1629565
1686,3412,2890,100000,1630574
1687,1711,5682,100000,1633323
1688,3992,5350,100000,1635382
1689,5458,4734,100000,1639196
1690,3787,4522,100000,1641202
1691,205,1426,100000,1641635
1692,5508,760,100000,1643176
1693,1975,4788,100000,1643882
1694,1890,1364,100000,1644617
1695,2491,1011,100000,1645829
1696,2634,2276,100000,1646646
1697,5662,588,100000,1647673
1698,1869,3428,100000,1648743
1699,430,1521,100000,1649738
1700,3475,6020,100000,1650291
1701,4460,4849,100000,1650372
1702,1806,4214,100000,1650518
1703,1223,4506,100000,1652036
1704,4366,2889,100000,1652229
1705,2046,142,100000,1653537
1706,394,5167,100000,1655945
1707,4668,1650,100000,1656177
1708,1018,735,100000,1656204
1709,3558,3804,100000,1657449
1710,3168,4581,100000,1658099
1711,5265,4716,100000,1658151
1712,3371,1624,100000,1659734
1713,1244,3741,100000,1661182
1714,1882,679,100000,1662522
1715,3242,726,100000,1665526
1716,3762,4907,100000,1665787
1717,127,1134,100000,1666725
1718,2732,6038,100000,1667276
1719,4316,5705,100000,1668106
1720,1065,4231,100000,1669149
1721,1131,5960,100000,1669714
1722,99,176,100000,1669977
1723,2191,854,100000,1671369
1724,786,4242,100000,1671959
1725,5203,707,100000,1672643
1726,1235,325,100000,1672731
1727,4489,1755,100000,1673304
1728,2372,4336,100000,1675639
1729,5609,5942,100000,1681836
1730,303,1766,100000,1682031
1731,5815,4173,100000,1682055
1732,1553,1357,100000,1682424
1733,4491,4844,100000,1683762
1734,5254,2678,100000,1687065
1735,4867,331,100000,1690538
1736,2602,808,100000,1690780
1737,2163,3735,100000,1691379
1738,1662,4076,100000,1693853
1739,6022,2445,100000,1693858
1740,2376,4585,100000,1694540
1741,429,4840,100000,1694547
1742,1296,1079,100000,1696085
1743,92,4714,100000,1697341
1744,4886,4609,100000,1701132
1745,2823,2187,100000,1701315
1746,3611,4680,100000,1703998
1747,4947,914,100000,1705573
1748,4370,2106,100000,1706240
1749,2052,2182,100000,1706505
1750,3220,1406,100000,1706805
1751,2256,674,100000,1710778
1752,2298,128,100000,1711468
1753,5780,4510,100000,1711497
1754,1342,2170,100000,1711980
1755,2034,4850,100000,1712178
1756,4635,1428,100000,1712518
1757,5349,4300,100000,1712949
1758,2151,5911,100000,1714269
1759,3323,4982,100000,1714814
1760,1267,4736,100000,1716245
1761,163,4087,100000,1718205
1762,4976,122,100000,1718943
1763,3604,5955,100000,1720582
1764,1239,5149,100000,1721299
1765,2943,1079,100000,1721805
1766,2522,4923,100000,1722402
1767,4061,2732,100000,1722567
1768,3571,2684,100000,1725045
1769,5475,3114,100000,1726104
1770,4994,3655,100000,1727411
1771,4820,1775,100000,1727440
1772,2669,3033,100000,1729977
1773,3963,1283,100000,1730456
1774,3051,499,100000,1730898
1775,2573,5712,100000,1735614
1776,75,830,100000,1737421
1777,2404,2239,100000,1737518
1778,1359,5704,100000,1737750
1779,818,2855,100000,1738892
1780,3411,1175,100000,1738912
1781,154,666,100000,1739061
1782,5848,1710,100000,1740179
1783,4531,1418,100000,1740498
1784,292,5578,100000,1742208
1785,4387,2123,100000,1742545
1786,1773,3150,100000,1742901
1787,1274,35,100000,1743194
1788,630,5759,100000,1743688
1789,1966,2793,100000,1744650
1790,1608,1236,100000,1744731
1791,2148,5636,100000,1744882
1792,3499,5930,100000,1747670
1793,4321,3860,100000,1748695
1794,3410,1770,100000,1749109
1795,3908,5460,100000,1750532
1796,1519,3356,100000,1750907
1797,899,1240,100000,1750961
1798,460,4546,100000,1752330
1799,4232,1166,100000,1753217
1800,3882,2298,100000,1754621
1801,2351,5719,100000,1757541
1802,2475,3220,100000,1759319
1803,5227,5577,100000,1759330
1804,176,91,100000,1760816
1805,4546,5051,100000,1760968
1806,5593,3622,100000,1761306
1807,5707,3527,100000,1762589
1808,5599,3152,100000,1762966
1809,1311,2516,100000,1764909
1810,1156,5841,100000,1765589
1811,5234,2557,100000,1766250
1812,1551,2646,100000,1766286
1813,4092,1626,100000,1766882
1814,2092,1457,100000,1767322
1815,265,2840,100000,1767623
1816,3893,5066,100000,1767703
1817,111,5308,100000,1768678
1818,1030,3590,100000,1769241
1819,5384,1352,100000,1770241
1820,5838,3880,100000,1770858
1821,2152,4343,100000,1771709
1822,5381,4841,100000,1771959
1823,3120,4534,100000,1772503
1824,1351,5773,100000,1773047
1825,2175,1772,100000,1774037
1826,2418,5637,100000,1776820
1827,2181,1423,100000,1777089
1828,1443,4899,100000,1777887
1829,3991,3824,100000,1779781
1830,3057,3367,100000,1780399
1831,453,1502,100000,1781148
1832,3713,4528,100000,1781925
1833,416,2855,100000,1782334
1834,2510,1825,100000,1783010
1835,2530,5060,100000,1784520
1836,831,785,100000,1784759
1837,1367,3936,100000,1785299
1838,2182,4301,100000,1788041
1839,823,2092,100000,1788224
1840,4910,249,100000,1789115
1841,1508,5239,100000,1789740
1842,650,1985,100000,1790128
1843,1312,506,100000,1791462
1844,1634,4549,100000,1793582
1845,233,2129,100000,1793887
1846,6042,1070,100000,1794058
1847,770,1498,100000,1794078
1848,1402,547,100000,1794462
1849,791,1215,100000,1794759
1850,52,3774,100000,1795083
1851,2489,1268,100000,1795346
1852,1335,1255,100000,1795642
1853,3848,631,100000,1798275
1854,2785,2661,100000,1798482
1855,2543,5200,100000,1799202
1856,253,98,100000,1800893
1857,936,779,100000,1801358
1858,934,1958,100000,1802146
1859,4753,5160,100000,1804272
1860,4355,2956,100000,1804503
1861,524,1097,100000,1806726
1862,5596,1107,100000,1808721
1863,395,1050,100000,1810314
1864,60,6000,100000,1810887
1865,5593,2924,100000,1814349
1866,5505,917,100000,1815044
1867,4856,4486,100000,1815358
1868,4835,4009,100000,1815536
1869,1848,265,100000,1815538
1870,4061,5083,100000,1816689
1871,1029,5198,100000,1816694
1872,2497,3795,100000,1817037
1873,1825,4666,100000,1817079
1874,3085,3299,100000,1817565
1875,3528,2963,100000,1819230
1876,4764,4618,100000,1819885
1877,3167,5573,100000,1820387
1878,908,6015,100000,1821618
1879,5829,3106,100000,1822140
1880,4478,5569,100000,1824239
1881,4713,532,100000,1824982
1882,1685,1160,100000,1825068
1883,4,4712,100000,1825190
1884,262,2208,100000,1825259
1885,5158,3424,100000,1826241
1886,2411,3197,100000,1827112
1887,3493,5642,100000,1827353
1888,837,5347,100000,1827359
1889,2748,2688,100000,1827720
1890,5071,5523,100000,1828899
1891,3821,1241,100000,1830710
1892,2908,5080,100000,1831720
1893,1867,4750,100000,1831915
1894,6077,2702,100000,1833601
1895,75,3215,100000,1834245
1896,4614,1331,100000,1835576
1897,5684,5829,100000,1836217
1898,4460,610,100000,1836774
1899,3385,5727,100000,1837838
1900,2580,2885,100000,1840228
1901,3217,107,100000,1840981
1902,842,4028,100000,1841386
1903,5247,2729,100000,1843249
1904,3712,767,100000,1844397
1905,1531,5213,100000,1846336
1906,3539,1736,100000,1849310
1907,2564,3790,100000,1850118
1908,5825,1049,100000,1850508
1909,3867,4935,100000,1851270
1910,1004,3336,100000,1851922
1911,5133,5462,100000,1852009
1912,2050,4636,100000,1852263
1913,738,1868,100000,1852738
1914,4347,597,100000,1857057
1915,682,5289,100000,1857290
1916,1605,501,100000,1858421
1917,713,4497,100000,1859853
1918,1996,273,100000,1862483
1919,3721,2681,100000,1862761
1920,2138,2832,100000,1863290
1921,4991,2753,100000,1863775
1922,3777,1558,100000,1867306
1923,3912,6093,100000,1867378
1924,2662,5196,100000,1867941
1925,2986,4142,100000,1868209
1926,5229,4238,100000,1869425
1927,5794,6014,100000,1870136
1928,3710,5045,100000,1871063
1929,5677,1386,100000,1871618
1930,2517,5194,100000,1871750
1931,1112,1241,100000,1871819
1932,5356,3086,100000,1871862
1933,1270,3934,100000,1872321
1934,562,4614,100000,1872354
1935,1350,3263,100000,1873076
1936,4192,3097,100000,1873116
1937,5351,1694,100000,1875067
1938,2350,1731,100000,1876297
1939,2481,1474,100000,1876833
1940,242,2015,100000,1877320
1941,2207,5315,100000,1877436
1942,4692,3108,100000,1877845
1943,3990,3626,100000,1878557
1944,2308,1889,100000,1879516
1945,3381,5535,100000,1881244
1946,3903,5012,100000,1882458
1947,2858,3363,100000,1882999
1948,1294,3084,100000,1883080
1949,3955,3904,100000,1883108
1950,3386,1933,100000,1883624
1951,2067,1535,100000,1883998
1952,1194,1767,100000,1884668
1953,2727,389,100000,1884738
1954,1698,3033,100000,1885299
1955,3878,1823,100000,1885951
1956,2133,2743,100000,1886561
1957,2333,4302,100000,1886876
1958,5349,1033,100000,1887037
1959,1801,5653,100000,1887068
1960,1280,5959,100000,1887775
1961,2292,4091,100000,1891071
1962,1135,2771,100000,1891697
1963,5789,1887,100000,1892678
1964,3003,540,100000,1893730
1965,3765,1867,100000,1894103
1966,4704,3352,100000,1894569
1967,4257,1982,100000,1896226
1968,1902,3224,100000,1897055
1969,5639,3847,100000,1898560
1970,3368,5794,100000,1898888
1971,4363,5757,100000,1898980
1972,4859,4201,100000,1899845
1973,3674,4143,100000,1901165
1974,3042,2148,100000,1902754
1975,2491,5513,100000,1904049
1976,3622,2203,100000,1904672
1977,2981,2864,100000,1907383
1978,328,4002,100000,1907451
1979,3666,5073,100000,1907653
1980,2506,3322,100000,1910716
1981,3437,2252,100000,1910912
1982,1079,5334,100000,1911016
1983,2122,413,100000,1913258
1984,4429,1804,100000,1914472
1985,4777,4387,100000,1915067
1986,5188,5211,100000,1915877
1987,5965,3759,100000,1916435
1988,4700,1396,100000,1916751
1989,5434,5769,100000,1917195
1990,1739,5206,100000,1917412
1991,837,5295,100000,1917485
1992,4486,1137,100000,1918905
1993,4057,3122,100000,1919612
1994,5765,2289,100000,1919860
1995,4111,2428,100000,1923272
1996,5016,3253,100000,1924046
1997,4216,5740,100000,1925853
1998,2044,2012,100000,1928548
1999,5382,4664,100000,1928877
2000,4555,544,100000,1929916
2001,5199,2453,100000,1930649
2002,1640,784,100000,1931382
2003,4925,3514,100000,1934522
2004,2530,1467,100000,1935068
2005,1556,5501,100000,1935202
2006,1003,4214,100000,1936020
2007,446,2927,100000,1936154
2008,1524,410,100000,1937240
2009,4475,4657,100000,1937334
2010,3788,5686,100000,1939199
2011,2296,4614,100000,1941179
2012,345,4277,100000,1943220
2013,2271,2809,100000,1943484
2014,4823,519,100000,1944144
2015,3775,1115,100000,1944502
2016,3533,2612,100000,1946720
2017,2241,2110,100000,1948084
2018,1068,4247,100000,1952293
2019,4631,2430,100000,1952667
2020,3448,2847,100000,1953651
2021,1238,2394,100000,1954828
2022,5415,3695,100000,1956085
2023,4004,1854,100000,1957982
2024,2803,3920,100000,1958608
2025,4467,2797,100000,1958741
2026,3471,1735,100000,1959096
2027,1037,3722,100000,1960454
2028,4308,1443,100000,1962156
2029,4219,4238,100000,1963112
2030,496,2550,100000,1963401
2031,958,5070,100000,1963726
2032,4670,362,100000,1965896
2033,633,2234,100000,1966693
2034,4079,1762,100000,1966867
2035,351,3867,100000,1966878
2036,1679,2083,100000,1967488
2037,4481,4050,100000,1968721
2038,5845,3973,100000,1968928
2039,4844,255,100000,1972075
2040,4898,5749,100000,1972284
2041,4333,3611,100000,1972597
2042,3140,1597,100000,1973866
2043,959,4656,100000,1973938
2044,4154,3540,100000,1974279
2045,3405,1995,100000,1975351
2046,3293,1616,100000,1976467
2047,475,5785,100000,1976599
2048,2717,4623,100000,1976810
2049,5086,3443,100000,1977569
2050,907,1462,100000,1978195
2051,2345,2000,100000,1979072
2052,5377,2664,100000,1979872
2053,3766,5118,100000,1980112
2054,5105,5613,100000,1983119
2055,1213,5706,100000,1983226
2056,1787,2844,100000,1984018
2057,4142,2930,100000,1984866
2058,3119,4318,100000,1985314
2059,3395,3908,100000,1985413
2060,4686,2122,100000,1987514
2061,3591,5175,100000,1988080
2062,2537,216,100000,1989128
2063,2648,3222,100000,1990182
2064,1287,5386,100000,1990842
2065,3672,4522,100000,1990930
2066,4828,5205,100000,1990945
2067,2427,373,100000,1991245
2068,1704,5451,100000,1994064
2069,2267,4315,100000,1994406
2070,1851,5511,100000,1994828
2071,2088,1989,100000,1995387
2072,4340,5715,100000,1995589
2073,782,5340,100000,1996442
2074,3075,5974,100000,1997381
2075,2687,3800,100000,1999480
2076,554,5397,100000,2000288
2077,3437,470,100000,2001196
2078,4118,2677,100000,2001479
2079,1602,305,100000,2005836
2080,3396,1656,100000,2007010
2081,789,2236,100000,2008122
2082,4352,4925,100000,2009024
2083,1086,202,100000,2010743
2084,2151,6077,100000,2010875
2085,3941,192,100000,2011807
2086,3422,5240,100000,2012053
2087,2071,3278,100000,2015236
2088,2237,3272,100000,2015735
2089,5627,3346,100000,2017110
2090,4348,2674,100000,2019183
2091,1888,2442,100000,2023244
2092,615,2346,100000,2024035
2093,5948,5254,100000,2024950
2094,3288,2824,100000,2026206
2095,2168,4988,100000,2026349
2096,5413,2698,100000,2028723
2097,5259,5188,100000,2028995
2098,704,2596,100000,2031337
2099,5358,4543,100000,2031859
2100,3916,508,100000,2038233
2101,2387,823,100000,2038542
2102,4079,5901,100000,2038560
2103,4396,5149,100000,2038626
2104,3622,3419,100000,2039351
2105,4101,88,100000,2039944
2106,3749,1320,100000,2040994
2107,1765,1423,100000,2044090
2108,2656,133,100000,2044512
2109,254,1797,100000,2044519
2110,6054,451,100000,2044943
2111,1094,181,100000,2045063
2112,2370,5284,100000,2045145
2113,1564,5958,100000,2045495
2114,1804,3064,100000,2045909
2115,5066,106,100000,2046189
2116,615,2955,100000,2046272
2117,3318,1318,100000,2047997
2118,4816,1532,100000,2048291
2119,3666,879,100000,2050186
2120,3084,699,100000,2050200
2121,4919,1228,100000,2052188
2122,3304,4758,100000,2052973
2123,5659,5567,100000,2054500
2124,4763,229,100000,2055358
2125,2486,3265,100000,2058784
2126,170,1117,100000,2059927
2127,2889,2160,100000,2060012
2128,3184,3459,100000,2060779
2129,910,5810,100000,2062084
2130,3276,1389,100000,2062288
2131,4003,2867,100000,2063870
2132,2083,3984,100000,2064409
2133,2847,2945,100000,2064827
2134,420,2303,100000,2069016
2135,4554,746,100000,2069573
2136,2884,1421,100000,2069964
2137,5791,1730,100000,2070378
2138,2029,2640,100000,2070862
2139,2805,4403,100000,2071730
2140,2392,5490,100000,2071847
2141,5796,336,100000,2072631
2142,4383,726,100000,2073979
2143,4448,1975,100000,2075066
2144,1082,852,100000,2078586
2145,3796,5084,100000,2078978
2146,5965,1285,100000,2079303
2147,3650,3347,100000,2079602
2148,5542,514,100000,2079812
2149,4038,4813,100000,2081451
2150,5425,3444,100000,2082646
2151,3562,4186,100000,2083171
2152,385,2617,100000,2084437
2153,3348,1734,100000,2085308
2154,834,5232,100000,2085629
2155,438,3953,100000,2088180
2156,4465,3173,100000,2088377
2157,3968,833,100000,2089108
2158,3870,4568,100000,2091170
2159,5252,3676,100000,2092605
2160,4272,4516,100000,2093774
2161,2832,6051,100000,2095001
2162,4180,42,100000,2100403
2163,1263,5725,100000,2100973
2164,4799,5006,100000,2101721
2165,1338,170,100000,2102488
2166,3463,4208,100000,2103103
2167,5344,4931,100000,2103374
2168,1727,2786,100000,2103854
2169,5560,4245,100000,2104061
2170,1434,255,100000,2104529
2171,358,184,100000,2107564
2172,1058,136,100000,2108412
2173,1331,3091,100000,2108862
2174,1941,4009,100000,2109275
2175,2396,5608,100000,2109383
2176,1425,1101,100000,2110377
2177,2247,2028,100000,2110976
2178,3534,4037,100000,2112744
2179,2436,4490,100000,2114672
2180,1708,271,100000,2115673
2181,4814,5458,100000,2115768
2182,3690,4458,100000,2117493
2183,4792,2067,100000,2118478
2184,4010,79,100000,2120037
2185,1212,526,100000,2123927
2186,46,1445,100000,2124225
2187,1339,2753,100000,2124465
2188,3120,5144,100000,2125563
2189,3216,1793,100000,2126245
2190,5414,2008,100000,2126597
2191,3070,3755,100000,2126710
2192,3007,1998,100000,2128632
2193,4950,1326,100000,2128805
2194,1348,5887,100000,2131779
2195,3417,787,100000,2134321
2196,2561,4608,100000,2134974
2197,4812,5626,100000,2135608
2198,226,5653,100000,2139733
2199,4739,601,100000,2140603
2200,1462,5246,100000,2141819
2201,973,1102,100000,2142133
2202,2268,837,100000,2142161
2203,4824,641,100000,2144544
2204,455,5290,100000,2144761
2205,3403,2873,100000,2145366
2206,3947,3581,100000,2146403
2207,3608,2728,100000,2146514
2208,446,713,100000,2146577
2209,2438,2595,100000,2147894
2210,4773,585,100000,2148133
2211,2458,3701,100000,2148598
2212,4710,5309,100000,2149556
2213,637,4496,100000,2150508
2214,5149,22,100000,2152038
2215,666,2253,100000,2154217
2216,4255,3177,100000,2155729
2217,1881,1293,100000,2155996
2218,3361,531,100000,2157114
2219,2685,440,100000,2158048
2220,1589,5664,100000,2158739
2221,4624,2142,100000,2158898
2222,1961,3016,100000,2159280
2223,5229,4403,100000,2163642
2224,3166,5668,100000,2164837
2225,2896,5319,100000,2165695
2226,5890,4261,100000,2166548
2227,2150,5537,100000,2166769
2228,4417,1623,100000,2167436
2229,4522,3718,100000,2169511
2230,2003,5606,100000,2170697
2231,3841,974,100000,2171258
2232,5414,4852,100000,2171879
2233,4557,2253,100000,2171931
2234,4804,4443,100000,2175109
2235,127,1863,100000,2176042
2236,306,3694,100000,2176317
2237,933,2592,100000,2181509
2238,2376,5274,100000,2181977
2239,5830,2678,100000,2182412
2240,4445,3249,100000,2183860
2241,4772,3926,100000,2184778
2242,2453,3193,100000,2184995
2243,733,4430,100000,2186385
2244,3079,3376,100000,2186604
2245,2153,2084,100000,2188329
2246,248,1162,100000,2188747
2247,5708,1431,100000,2188844
2248,1350,402,100000,2191885
2249,2148,1781,100000,2192261
2250,3285,1656,100000,2193495
2251,5579,4645,100000,2193730
2252,2375,4630,100000,2195515
2253,1364,1896,100000,2196440
2254,4276,5582,100000,2197768
2255,1508,4648,100000,2197981
2256,5283,1156,100000,2199727
2257,4950,167,100000,2200900
2258,2967,3723,100000,2201523
2259,4953,4512,100000,2201743
2260,2537,491,100000,2202096
2261,5404,3905,100000,2202820
2262,4925,1847,100000,2205990
2263,4758,675,100000,2207456
2264,3801,5826,100000,2208199
2265,2076,4901,100000,2208461
2266,3134,2946,100000,2209785
2267,2782,1621,100000,2209922
2268,3114,3542,100000,2211332
2269,1018,2801,100000,2212032
2270,3990,4189,100000,2212636
2271,1278,5190,100000,2214794
2272,5061,5856,100000,2215216
2273,4906,3695,100000,2215324
2274,414,1753,100000,2215876
2275,469,3878,100000,2216732
2276,1822,4341,100000,2217242
2277,4546,3442,100000,2217614
2278,747,2854,100000,2218033
2279,799,4251,100000,2218210
2280,4000,4479,100000,2218252
2281,2733,3250,100000,2220207
2282,5353,2997,100000,2220881
2283,1035,5922,100000,2221103
2284,2395,3426,100000,2222163
2285,117,5170,100000,2222453
2286,3133,5663,100000,2222588
2287,3886,3249,100000,2222989
2288,5996,2388,100000,2227359
2289,1891,4665,100000,2227444
2290,1767,4810,100000,2227871
2291,2116,4998,100000,2229240
2292,957,861,100000,2229493
2293,2885,4395,100000,2230826
2294,4598,79,100000,2231693
2295,5617,4429,100000,2233925
2296,2148,3379,100000,2234261
2297,1643,4747,100000,2234381
2298,1564,2654,100000,2235345
2299,3926,5220,100000,2235958
2300,2510,1805,100000,2236657
2301,5248,4709,100000,2237034
2302,1505,3439,100000,2237493
2303,5915,2771,100000,2237831
2304,875,1778,100000,2238311
2305,5196,3277,100000,2238856
2306,1251,1443,100000,2239627
2307,4003,5331,100000,2240472
2308,457,6093,100000,2242259
2309,4756,2105,100000,2244515
2310,5988,1868,100000,2245179
2311,5858,334,100000,2245607
2312,645,1120,100000,2247398
2313,4977,561,100000,2248243
2314,2236,4183,100000,2248526
2315,442,360,100000,2248723
2316,3192,4715,100000,2248732
2317,6094,4927,100000,2249234
2318,335,3308,100000,2249640
2319,2849,4372,100000,2250336
2320,2717,6051,100000,2253129
2321,4905,5656,100000,2254837
2322,2363,3395,100000,2255522
2323,4992,2873,100000,2255524
2324,194,3258,100000,2257583
2325,2630,3090,100000,2258030
2326,4232,2218,100000,2261063
2327,4019,1870,100000,2261230
2328,3608,2466,100000,2261505
2329,4607,1931,100000,2263010
2330,3495,400,100000,2263046
2331,2821,4233,100000,2263047
2332,357,1289,100000,2263076
2333,3929,2347,100000,2263846
2334,3856,5017,100000,2263996
2335,4609,795,100000,2265410
2336,2120,4963,100000,2268482
2337,5565,1966,100000,2269900
2338,2470,4227,100000,2270673
2339,5846,892,100000,2270765
2340,2482,2686,100000,2271869
2341,5439,4927,100000,2271917
2342,5051,604,100000,2272088
2343,4114,844,100000,2273393
2344,2968,243,100000,2274803
2345,1695,1353,100000,2275804
2346,3087,1860,100000,2277026
2347,4663,3889,100000,2280356
2348,687,4334,100000,2283750
2349,2110,1575,100000,2284654
2350,3323,3217,100000,2284929
2351,4017,4407,100000,2285056
2352,2251,4287,100000,2285360
2353,2642,2803,100000,2286071
2354,1473,724,100000,2286499
2355,5116,5245,100000,2287721
2356,393,6095,100000,2291840
2357,5127,2522,100000,2292605
2358,1314,4297,100000,2293431
2359,2529,1165,100000,2298245
2360,905,4232,100000,2298899
2361,216,4825,100000,2298909
2362,4645,2151,100000,2299696
2363,5499,1080,100000,2299736
2364,4786,2490,100000,2300537
2365,4992,480,100000,2301302
2366,4496,5759,100000,2301663
2367,4336,5546,100000,2302293
2368,89,3261,100000,2304574
2369,3565,6041,100000,2304824
2370,5905,4970,100000,2304829
2371,2273,864,100000,2305373
2372,1674,5365,100000,2306212
2373,2724,6081,100000,2306538
2374,757,211,100000,2306793
2375,628,5916,100000,2309244
2376,1283,3865,100000,2310919
2377,1567,2962,100000,2311512
2378,3746,3056,100000,2311948
2379,4768,1377,100000,2313189
2380,264,1439,100000,2313223
2381,5505,5428,100000,2314762
2382,1170,5828,100000,2315216
2383,3576,4711,100000,2316090
2384,5807,5449,100000,2316499
2385,320,2156,100000,2316668
2386,4565,5664,100000,2318210
2387,3619,4494,100000,2319663
2388,5949,4818,100000,2319767
2389,4130,1085,100000,2320100
2390,2881,1906,100000,2320409
2391,1255,3614,100000,2320896
2392,1036,2402,100000,2323062
2393,5475,721,100000,2323342
2394,857,2720,100000,2323450
2395,5002,5135,100000,2324407
2396,4541,6079,100000,2324511
2397,1677,4636,100000,2324963
2398,672,4619,100000,2325554
2399,149,5030,100000,2325841
2400,2774,3585,100000,2326417
2401,1842,526,100000,2327268
2402,545,1052,100000,2328870
2403,5359,3898,100000,2329470
2404,908,432,100000,2329671
2405,361,1950,100000,2329711
2406,2922,2062,100000,2329713
2407,5327,3643,100000,2329731
2408,5344,2704,100000,2330977
2409,2281,2012,100000,2333268
2410,21,4406,100000,2333664
2411,3940,4836,100000,2334993
2412,5684,733,100000,2335132
2413,4925,5476,100000,2335527
2414,2462,3300,100000,2337524
2415,3366,5805,100000,2338102
2416,5105,2858,100000,2338192
2417,4129,1956,100000,2340321
2418,5403,2107,100000,2341793
2419,2912,6024,100000,2342860
2420,3045,4016,100000,2343443
2421,2523,2473,100000,2345333
2422,2662,3618,100000,2348922
2423,1374,4880,100000,2350031
2424,5991,2930,100000,2350751
2425,4366,2670,100000,2351244
2426,5304,744,100000,2351337
2427,3168,4254,100000,2352112
2428,5096,5269,100000,2353201
2429,1608,195,100000,2353486
2430,4477,5637,100000,2353497
2431,2094,4993,100000,2353708
2432,4123,2333,100000,2353964
2433,5811,564,100000,2354936
2434,5060,4437,100000,2355184
2435,3738,1213,100000,2355803
2436,473,3784,100000,2357488
2437,1690,708,100000,2360142
2438,3871,4929,100000,2361168
2439,3753,590,100000,2361333
2440,1874,3639,100000,2361960
2441,2212,3214,100000,2362334
2442,150,2242,100000,2363957
2443,84,2458,100000,2364888
2444,1413,5010,100000,2366112
2445,2597,1917,100000,2367271
2446,2444,2586,100000,2367321
2447,3113,4344,100000,2367537
2448,442,5489,100000,2368030
2449,3733,1234,100000,2368095
2450,3535,2076,100000,2370112
2451,5866,5848,100000,2370451
2452,3690,5326,100000,2372251
2453,6013,2069,100000,2372988
2454,4568,559,100000,2373532
2455,1309,5641,100000,2376128
2456,2707,1346,100000,2376137
2457,333,5738,100000,2379352
2458,3591,5324,100000,2380055
2459,326,2867,100000,2382736
2460,3406,1064,100000,2383943
2461,1149,5577,100000,2385562
2462,5751,4533,100000,2388871
2463,703,261,100000,2389778
2464,5261,3915,100000,2390055
2465,1154,5022,100000,2392708
2466,5009,5347,100000,2393907
2467,3020,4122,100000,2394504
2468,3418,5133,100000,2395131
2469,2848,5050,100000,2395779
2470,3233,723,100000,2396563
2471,1687,1012,100000,2397747
2472,2236,2468,100000,2399531
2473,4719,3470,100000,2400050
2474,3256,5975,100000,2403532
2475,1635,1113,100000,2403767
2476,3181,875,100000,2403787
2477,6062,4254,100000,2405039
2478,203,561,100000,2406852
2479,2279,2570,100000,2406898
2480,476,453,100000,2408575
2481,4283,874,100000,2408928
2482,2811,1760,100000,2409764
2483,2315,947,100000,2410461
2484,4788,5843,100000,2410578
2485,1729,734,100000,2411714
2486,878,3067,100000,2412392
2487,615,592,100000,2413390
2488,1978,2660,100000,2416367
2489,5897,4707,100000,2416384
2490,4928,1156,100000,2416408
2491,1659,3559,100000,2417285
2492,2228,5184,100000,2418068
2493,4566,2621,100000,2420574
2494,4084,2026,100000,2421236
2495,5846,3521,100000,2424128
2496,5818,5400,100000,2425643
2497,5004,5526,100000,2426151
2498,3424,4112,100000,2427642
2499,1026,4512,100000,2428885
